PC1,PC2,category
21.80399485540015,8.831528065306426,Music
9.811662803023381,1.985796859366436,Entertainment
16.769919549818695,4.385513695622181,Education
15.468865760530013,4.23514182839294,Shows
7.177981904903411,4.309282796345863,People & Blogs
1.748825482889991,4.42378749089099,Gaming
3.388477788712342,6.3350899061699435,People & Blogs
5.657797003308858,3.768220704076052,Entertainment
6.254922774021325,2.237869699959202,Music
6.336640398406501,3.1832205011574057,Sports
3.7995618491000704,2.1262646617339547,People & Blogs
11.639415794451885,0.26604784145786897,Shows
1.438159025414066,2.33096684458907,Music
1.6642688932913652,2.4898755467828466,Music
3.8275327913531316,0.9495011495653515,Music
10.863683439673588,-1.356368629880889,Entertainment
3.385095798502561,1.617245998800293,Education
3.2528179227030445,1.9491005328475897,Education
1.8857123520488255,1.9253233418326894,Music
7.714548141856554,-0.21462203948352365,Shows
0.8214470201988873,1.646695699528274,Sports
1.87162018725044,3.236927518705015,Film & Animation
2.77838516591874,1.2612351983975103,Music
4.388768116206475,1.4184198151379765,Music
1.9401328464150849,2.1226615441334356,Music
2.6962315370821734,0.7958599832419335,News & Politics
1.7251383574954076,1.599122528256818,Music
1.6729237665197647,1.5243116609446916,Music
0.558492039067067,1.5745442838542696,Entertainment
3.1739280487380443,0.8534737273226218,Film & Animation
0.4031209838807369,2.4826780767947367,Music
1.4063071352302425,1.6948905102852276,Music
4.651220320331838,-0.4380188896574936,Education
3.088935265978021,0.533165371359129,Music
0.9896872806935776,1.5895951771224577,Music
1.1639775142590856,0.7012077631069453,Education
0.13721998003079208,1.4113281287799433,Gaming
0.5287472617490103,1.0905731519157877,Music
1.8233793733202097,1.1279279247191114,Entertainment
1.2160791340162482,1.0837262395529055,Entertainment
-0.10881927225847429,1.756750878410605,Entertainment
1.7791625629275538,0.9242447225437679,Music
-0.02187491768868754,1.8606582685011688,Gaming
-0.19603771035909615,1.2969478759201976,Gaming
1.1503536021245737,0.9671266108026548,Entertainment
0.4659890553869605,1.147312419006208,Entertainment
-0.22076509646772144,1.107544497560406,Entertainment
7.464143505146278,-2.1798419950641437,Entertainment
0.7097135759535482,1.4034619878848813,Music
-0.44186474680546517,1.038322663010919,Comedy
1.618783442077643,2.1209392206413025,People & Blogs
-0.3555726151169908,1.41102929479355,Music
1.901089207374887,0.6962000576608007,People & Blogs
1.877487606608702,1.1664061219487283,Film & Animation
6.378414080164628,-1.7100142175006783,Entertainment
0.8444506964573952,1.2977097108878863,Music
3.4762567459326617,-0.5571207372439936,Shows
0.08058020455057593,1.4090025003348146,Entertainment
0.8336354320557259,1.0434117141315729,Entertainment
0.6779252087821181,0.8616732992214121,Trailers
0.1117880905873294,0.5926926693486121,People & Blogs
0.8379587475783631,1.886265489410398,Education
-0.5478118569544953,1.0740475760248451,Gaming
1.166300309050991,0.7838235997628201,People & Blogs
-0.3028901925924005,0.6323111099593844,Comedy
-0.21087754088819644,0.9536643436198582,Music
3.3657673063688702,0.42586633669081,Education
1.0442859739380264,0.4213295842784562,Gaming
0.8719929128586213,1.5883467738451735,Entertainment
8.471840366338435,-3.987027024715483,Music
-0.37841110014877616,0.8644350221104895,Nonprofits & Activism
-0.22275735661201776,1.5026490683265459,People & Blogs
3.9424658976825606,-1.4915899095934688,Music
-0.45440941748016433,1.2245723891376386,Music
-0.0863702986379492,1.4676121071117978,Entertainment
2.163957681373813,0.29527275941437814,Shows
0.8761506338020928,0.8238834492739694,Music
1.3577355852871642,0.24731163342641085,Entertainment
0.6491096428843502,1.1864419742945962,Entertainment
-0.13579849629872848,1.1111857096818092,Comedy
0.9265095263872893,0.22865180491617002,People & Blogs
1.134009932160005,0.6791620025485797,People & Blogs
0.5955911966422758,0.7622545064599198,Music
0.5631086281929859,0.9463926778693642,Music
1.3465218392891767,0.23669084056092665,Film & Animation
-0.6765495189625744,0.7101563421621042,News & Politics
0.6630655606180016,0.902180120080769,Music
-0.700449303265553,0.8910646019947946,Gaming
1.451977110757501,0.5571117445055098,Music
2.339376879021142,-0.6424935207870677,Entertainment
1.104148080207929,0.1920669148898851,News & Politics
1.4692116046969348,0.29290598430811354,Music
-0.7369481779041941,0.8372093947007646,Gaming
0.33615842201610513,0.9023832299850092,Gaming
1.889453033207548,1.7350744685496864,Entertainment
1.5534871004963002,0.368458997860039,Education
-0.6443364247215129,0.9426270247519531,Gaming
-0.028629586426955747,0.6949011440483063,Music
0.39483081560898986,0.9493161275155862,Music
2.0752445396524126,-1.166890419857034,Entertainment
0.34043802754058883,0.3629858891120195,Film & Animation
-0.29261411335150295,0.9840880709586158,Gaming
1.947249544828127,0.1403482316481446,Film & Animation
0.832373534926647,0.6668383554622455,Gaming
0.039629698969533,0.6274194094771242,Film & Animation
0.9179256102086667,0.14351533563782343,Music
-0.4860184603777923,0.8821554180320585,Comedy
-0.3497225106523565,0.7411094927710422,Music
0.34273966602498396,0.801941945290674,Education
0.05732624475661032,0.2285399918892398,People & Blogs
0.45299446392730947,1.0200651862432977,Education
-0.3485760435927213,1.0911135357743116,Entertainment
1.5676990703948934,0.39740177105727126,Music
1.665875029308859,0.05585698124468194,Music
2.023324922945529,-0.4528265562476005,Music
-0.371297712495476,0.6907100682409374,Shows
-0.36665812646558327,0.8178286659482878,Gaming
8.569343145425961,-4.326694496554697,Entertainment
1.0183732116045852,0.6531924027600008,Music
3.7780966194745513,-1.5767242333170532,Entertainment
-0.6153859832478471,0.631963826516375,Howto & Style
-0.2376760992249069,0.3231114139813467,Science & Technology
0.07834494635850223,0.6854053190216185,Music
0.4176891739887437,0.7036824755542569,Entertainment
-0.7466587866083338,0.5100623623485474,Gaming
0.970553333519124,-0.1628234844497444,Entertainment
0.31556839485975574,1.059301412106277,Music
0.9458852014560406,0.4410501853990398,Film & Animation
-0.7137928033693123,0.8190922538183162,People & Blogs
0.19424393743467167,0.03849735644941758,Entertainment
0.4663672682875042,0.39482751346902084,Music
-0.7370052940422639,0.46253612381879605,Comedy
1.8756216401589136,-0.5452310694834759,News & Politics
-0.039501199396273175,0.06696323575169623,Gaming
-0.7653803823904376,0.5282170818653674,Entertainment
-0.3689267007456299,0.7815768689570027,Music
-0.5064577368778291,0.8406278281732876,Entertainment
0.11175496393629479,0.4640576513520674,Music
0.37513140082940694,1.0048666181008965,Entertainment
0.06356873310830817,0.7766361812668409,Music
0.18564201328878882,0.8545348409341275,Education
-0.34316470884849065,0.8658093670619913,Gaming
-0.18503773615183977,0.575989087896094,Music
-0.7505274715469059,0.4935702688295002,Comedy
-0.1088391035277437,0.7365707370759785,Music
0.8878835201951787,-0.2341312328786458,Comedy
-0.8477452453936576,0.5058016115124111,Comedy
-0.4904840542578707,1.075081597847147,Comedy
0.04328331996698502,0.6381411681745689,Education
-0.627246940747868,0.6300492357677294,Entertainment
0.43353106048951795,-0.06072672613176288,Movies
0.9035106817867643,-0.12307641655717559,Education
3.204106128768429,-1.1554201430733768,Entertainment
0.13800465923416366,-0.007530843852729254,Entertainment
0.18719624089034903,0.32067318760531743,Music
-0.6247531930349286,0.8964198903429503,Music
-0.13198601625092427,0.2122667999486899,Film & Animation
0.19812754136137398,0.6431022514338116,Music
0.2949865234585709,0.29587407884442024,Music
-0.215032635846044,0.4932547561137314,Music
1.0927446156730194,-0.026331104871802964,Music
0.14882958154054746,0.08808341844055209,People & Blogs
-0.11213026004088651,0.740018738594142,Gaming
-0.22151777466327116,0.9665441371493662,Film & Animation
-0.3136282184238938,0.24718635560532548,Entertainment
1.6632760182232689,-0.5523853248578086,Entertainment
1.9250565185171167,-0.9669486862695442,Howto & Style
-0.12948083983166148,0.05047930383239052,Comedy
-0.4180611408889307,0.3070525445731583,Entertainment
0.4951635029252426,-0.49088708882386833,People & Blogs
-0.6646968956920272,0.5843380433068905,Comedy
-0.25701462792083163,0.1503295721022516,Entertainment
0.19291329694306236,0.26211615022770207,News & Politics
-0.050708430635263396,0.7021384210537702,Music
-0.32233069189875435,0.2526973742143776,Film & Animation
5.176676191172519,-2.3829761987036133,Comedy
5.842806212960609,-3.3386524918975025,Entertainment
-0.8646486749323171,0.39992596517834,Entertainment
3.1628581750872438,-1.6487835274331373,Entertainment
-0.44412730528221633,0.41424583567466283,Comedy
2.47833983756983,-1.3155703218899357,People & Blogs
-0.3228068991151009,0.6931092385821452,Music
0.4306159055412178,-0.12095837314656532,Music
-0.37910781735705745,0.6260111795879354,Gaming
0.25694649633270517,0.32239628612221727,Music
-0.7329264616132195,0.42570390179759077,People & Blogs
-0.2710377731728981,0.26939770536834795,Music
1.293705057371268,0.04923581708240985,Music
-1.0285898723576856,0.35843220121209424,Film & Animation
0.32351595433087105,0.08863305473639058,Music
-0.6206299154108015,0.28137814708982006,People & Blogs
4.151589982870258,-1.3765862067345789,Comedy
0.41760375707655306,0.17143863988086017,Music
-0.0652413835684404,0.1523901623146809,People & Blogs
0.6216248717479846,-0.33410703322993357,News & Politics
-0.07853292191566281,0.5992055836528536,Music
-0.402374811050799,0.6476496416096528,Music
-0.07459340219141648,0.3114363422886654,Entertainment
0.7748093769608049,-0.21137141087648872,Music
1.0970477611646192,-0.2979250802245974,Entertainment
-1.045758013151515,0.3255749354890458,Howto & Style
-0.30905257911743356,-0.09927231772773198,Entertainment
1.3932659717631284,-0.6369862876747164,People & Blogs
0.1804918848967586,0.4649103332489451,Music
-0.9160316174198716,0.25665245130959,Howto & Style
0.0009119968280400143,0.7481728420277242,Music
-0.5555510851785072,0.049317226045300554,Science & Technology
0.09231092563877667,0.6938302195561326,Music
0.10922130682360422,0.06482654078881708,Entertainment
-0.4478578922125617,0.11953924795502156,Film & Animation
-0.8804219169947604,0.1914382734120003,Entertainment
1.2815531662814772,-0.7939637020740068,Comedy
1.324767822332714,-0.7208755876345715,Comedy
2.6528399375891283,0.6930071971381182,Music
-0.5682450061121065,0.2842036788222059,Music
-0.9393815921112064,0.3995994126454804,Entertainment
3.2388060813559862,-1.928309474421778,Comedy
-0.10892297304964871,-0.030345662668002524,Gaming
-0.7201890566038688,0.1428189552355966,Entertainment
-0.8995448129008243,0.39366785809681165,Entertainment
-0.0033317150317735784,-0.16131220006815908,People & Blogs
-0.9839912828566462,0.3951693277076097,Entertainment
-0.336684631331903,0.2216775854010431,Howto & Style
-0.004944148400158851,0.3888722928617287,Music
-1.0283301892920391,0.2539360640964542,Gaming
-0.5415592466878252,0.6205959750867535,People & Blogs
3.3851635423941384,-1.7042881866043105,Pets & Animals
-0.2952072965508169,0.47434033778257245,Music
-0.8392469812554062,0.10294667535843519,Entertainment
-0.9224551364135977,0.36176771618806247,Entertainment
-0.7236750688489498,0.27215210091404035,Entertainment
-0.6438833311599821,0.28085254904827367,Film & Animation
-0.5195994967580414,0.5568657604739157,Gaming
-0.4271794098987592,0.49195733108612366,People & Blogs
1.059887089962375,-0.7663969107516806,Film & Animation
-0.7811296582616357,0.3607693540839572,Film & Animation
0.12289417376769873,0.5317694611423649,Entertainment
0.03552642476980087,0.22824106574620232,People & Blogs
0.7646119090557177,-0.6624015633838282,Entertainment
-0.5220697979790674,0.43754983623638044,Music
0.2368979068322233,0.6109227098319959,Music
-1.0155221435481234,0.21436919964925752,People & Blogs
0.695057634343493,-0.5514586561662901,Music
-0.11609837664613436,0.18493427976441393,Shows
3.6852495083685723,-1.3450973727207634,Entertainment
-0.9470669795838115,0.20793584599357487,Science & Technology
-0.8036915177023205,0.2547572981539061,Entertainment
-0.3649538158827431,0.22598627757686812,Entertainment
0.18065421191325173,0.14612632663107333,Music
-0.07476008609326269,0.15017088694307432,Education
10.025422813270291,-6.232634092309867,Entertainment
-0.06756044487806279,-0.0286638716801239,People & Blogs
-0.335679138852085,0.224239134144112,Entertainment
4.569385619160844,-2.5100463992962085,People & Blogs
1.1918174042712981,-0.9078824062589108,Comedy
-0.3434809918758171,0.365081012030179,Music
-0.29385090728024055,0.5058288716911786,People & Blogs
-0.2946903344171211,0.2893311969658636,Music
5.765673831257451,-2.965280901892585,People & Blogs
-0.8446651814011995,0.06431042339922662,Film & Animation
0.13575070134348027,0.024216379842515654,Gaming
-0.5679841931141574,0.1742548318898067,Music
-0.9336291873747775,0.4420511545008861,People & Blogs
0.1870471782656192,0.5211196073623565,Gaming
-0.13402033173914882,0.0427102945938896,Entertainment
-0.31793831664061006,0.08882093930028274,Music
3.0529818881231674,-1.6783462427539317,Entertainment
-0.08481814391113855,-0.3589600789723882,Film & Animation
0.2156541025315622,-0.4787683081203392,People & Blogs
2.845069951580165,-1.6950786233792994,Comedy
-0.6109911751665106,0.8439590059180081,Entertainment
-0.017744392909263218,-0.40746747649006393,People & Blogs
-0.7870726481738863,0.15817804649131903,Science & Technology
-0.19770824061686645,0.07153976939153306,Music
-0.5790306091613178,0.3669563973215132,Music
-0.6497962450709214,0.793883022193667,Music
0.4875464869968739,-0.4839478185661464,People & Blogs
0.09437700844235729,-0.22018961523991148,Autos & Vehicles
-0.0009433341212080198,-0.3552550271753755,Howto & Style
-0.5931255424253975,0.21783555429155105,Entertainment
-0.4294561570946643,-0.07778140057503986,People & Blogs
-0.7754482505764657,0.6321700148507382,News & Politics
-0.9579053491893984,0.40247565453915735,Gaming
-0.17290342917399695,-0.23166466878387518,Music
-0.17725171392843,-0.23376674651232277,People & Blogs
-0.35712604956400834,0.1158518285199201,Music
2.991649837454188,-1.9705605811314264,People & Blogs
-0.6924479628566688,0.04474931601169705,Entertainment
0.3275500739645459,-0.3652299635149317,Entertainment
2.0969810974720415,-1.3761127812869751,Entertainment
-0.13315010000853883,0.0016645252301010828,Entertainment
-0.9088284452896035,0.21024702554370703,Howto & Style
-0.9320405731122066,0.15894589786600674,People & Blogs
-1.0669268140736172,0.2345282228655936,Entertainment
-0.36303362612289997,-0.04856412518807957,Entertainment
-0.4858413973529743,0.18387950043112042,Entertainment
-1.006104981903786,0.04711568357011061,Education
-0.821695332014615,0.03903633011593332,Entertainment
1.107420225497783,-0.8447529041104402,People & Blogs
-0.7246197002729895,0.6896084542776574,Music
-1.0275686053290505,0.06534062933678143,Comedy
-0.9855504266092181,0.06463258137619601,Education
3.895766539833723,-2.320349411026728,Entertainment
-0.9614536418480196,0.18714516450797095,Howto & Style
-1.0579971457336943,0.26738305216307634,Entertainment
1.9362351641902982,-1.5263504356543633,People & Blogs
-0.4738816276110709,0.2657440959505382,Sports
-1.072694577240229,0.24774320020885163,Entertainment
0.01921601767096591,-0.3261314627582804,Comedy
-0.497593873415088,0.15263642067377006,Music
0.03825744961922876,0.04675773489299798,Entertainment
-0.8323619902478544,0.2864853941291988,Gaming
0.12025808049741174,-0.2203249096575222,Entertainment
-0.9561023631440355,-0.006542442249087183,Film & Animation
-0.9345574166329605,0.2711892184847835,People & Blogs
4.3642473153743255,-2.0380635088520864,Entertainment
-0.931529539655572,0.13139436715942163,Entertainment
-0.8977328452465929,0.049517749242714966,Music
-0.6934452650751304,-0.150092183567352,Entertainment
-0.5339586846793176,0.19934501966063875,Education
-0.2957137757232888,0.08510236542658656,Education
0.27264411200365685,-0.7625657019215432,Entertainment
-1.0598738832182104,0.10229131867323905,Comedy
-0.4197022293384766,-0.07928831573752691,Education
5.924202707205027,-3.5218328752051566,Comedy
1.7035954294528748,-0.8158903495143286,Comedy
-0.71030140039032,0.04927446697088886,Gaming
0.5919216334586012,0.10228467732482924,Entertainment
-0.9046180311262954,0.19909675609680116,Music
-0.9451315860945589,0.34750210539252996,Gaming
-0.8296589256866499,0.3985611987535991,Film & Animation
0.6432276363599193,-0.3832005092181605,Music
-0.4946284810695613,-0.09647651181376456,Howto & Style
-1.064735573161993,0.25214455100966293,Entertainment
-0.6775083993761594,0.6477531473739103,People & Blogs
-0.7370322711834957,0.4297154707141086,Entertainment
-1.2000521071335866,0.06713977295545827,Music
-0.9089654805123805,0.05150681941178439,Entertainment
0.29085420415556906,-0.20994915529157795,Music
-1.107818535915715,0.13764985272310346,Science & Technology
-1.0357040910233002,0.2239151849270113,People & Blogs
-0.8872174529378887,0.4722369694444939,News & Politics
-1.1593229005227208,0.09043802162289065,Comedy
-0.868749346554696,0.1986647923974084,People & Blogs
-0.6311906508055901,0.24757320458304624,Entertainment
-0.9580830718431751,0.38199839364085325,Entertainment
-1.1523982044880616,0.1360860057423684,Gaming
0.5993070452024338,-0.4275509551612057,Shows
-0.4051713580221355,-0.04069294993861618,Entertainment
11.113138077142668,-7.648528292696882,Film & Animation
-1.004140082326095,0.09751680785863005,Gaming
-1.0042739102568965,-0.003185320289375736,News & Politics
-1.1793459497261,0.07588205977646864,People & Blogs
0.8414594410767298,-0.11501505136841308,Entertainment
-0.7728619365431583,0.018144227055290577,Sports
-0.7909885303246652,-0.11446579171112456,Science & Technology
-1.0249065728578308,0.12431900017747267,Science & Technology
-1.1058312854877772,0.16271082630185038,People & Blogs
-0.8788987129611024,0.18633925055578796,Entertainment
-0.7887039982644942,0.4147495110614666,Entertainment
-0.9529856595637061,0.06965487254834928,Comedy
-0.7511601897853294,-0.029561397588063344,Film & Animation
-0.8239077326031444,0.07877410290662303,Music
-0.9944047780978722,0.11053155587287734,Education
-0.3951400127904026,-0.1608835809581857,Howto & Style
-0.45889682817936006,-0.06332397324312541,Film & Animation
-0.457489131659255,0.2290806603303469,Film & Animation
-0.26254022907409924,0.21698860213493656,Music
-0.25761082720149453,0.16675938047675037,Entertainment
-1.0382852952239972,0.02460766919128989,People & Blogs
-0.23586275868806428,-0.13394744977514433,Education
-0.9899164203657336,0.029887825743004217,Education
-0.6918875690307574,-0.08091729406509234,Entertainment
-0.4694788356570058,0.0014800906023005708,Music
-0.6253162452988152,0.10487272620852822,Entertainment
-0.5834505519314429,-0.2569419550221689,Comedy
-0.9109643596805027,0.4301080977140917,Entertainment
-0.5463403726424477,-0.14518594690356984,Entertainment
0.1925886059626678,0.1185317245284175,Music
-0.7839315769256446,0.15440527344961252,Gaming
-0.9575781533461655,-0.017540314760298336,Gaming
-1.1140529768158163,0.1434388157606645,People & Blogs
-0.772335579353368,0.10905710056826842,People & Blogs
-0.10391087411542987,-0.5465538785497723,People & Blogs
-1.0672937115715075,0.08430122143888519,Entertainment
-1.004333297041391,0.19742480600492074,Comedy
-0.6533661897260689,0.20546271321325016,Music
0.8642312605685847,-0.05928384296473788,Music
-1.1246797062943346,-0.016304610115126402,People & Blogs
-0.370856954977952,-0.1854912334104366,Entertainment
-0.47735526135383916,-0.4439542235984802,Gaming
1.48966816225462,-1.2969540167798403,People & Blogs
-1.077628444400983,0.03256960714604033,People & Blogs
1.7289165854936404,-1.2771851699064447,Entertainment
-1.0285658275959881,2.0664945163815666e-05,Entertainment
-0.7346538976174348,0.16042928390876274,Gaming
0.09685791045941974,-0.1274877827339713,Education
-0.6259447249504765,0.12720823694187816,Music
-0.8672202390443831,-0.07544815579541861,Howto & Style
1.075225261332256,-1.0532138418529218,Sports
-0.3932792441358004,-0.04352742633982483,News & Politics
0.5724807989493317,-0.2828269353474135,Music
-0.8576531221174051,0.04654936205462486,Gaming
6.216255090514383,-4.475008183729916,Film & Animation
-1.023781698241058,0.1911947196704142,People & Blogs
-0.8897007380052262,-0.07334547289626639,People & Blogs
-0.9798908853546788,0.05611936873603954,Entertainment
-1.0255265234872233,0.0901108900736566,Comedy
-0.9238711045770225,0.11033655861396487,Music
-0.5505745557006609,0.022953546609152397,Entertainment
1.3677702026118022,-1.235378680291388,Music
-0.2803625097241294,0.17934962464728668,Shows
1.295601484323367,-1.1312828084669884,People & Blogs
-1.032644374411108,0.26648965644004907,Film & Animation
-0.20321387529621351,0.3267580785676718,Music
0.7782221086906681,-0.9633555578028911,People & Blogs
-0.9179994313878116,-0.07554664381206679,People & Blogs
-0.8725502379588969,0.11116608546636651,Entertainment
0.9197802332323425,-1.0306656131262117,News & Politics
-0.4021725618998551,-0.12773762620295553,Film & Animation
2.5921144601325703,-1.6601315789643432,Film & Animation
-0.7278466678796168,0.0918917573706147,Gaming
-1.0666581509669217,-0.05588862590367658,Comedy
-1.074238820189569,-0.013668344972727238,Howto & Style
-0.5720255931918055,-0.16721189747988155,Gaming
-1.1106305790114859,0.05385945645886769,Music
-1.1034887719502477,-0.0388658447024373,Entertainment
1.0097254215677254,-1.160206196340218,News & Politics
-0.4874538718890125,-0.1588625064351382,Entertainment
-0.3135891789535478,0.17656463059579433,Gaming
1.5464077292719964,-0.9621038453490691,Gaming
0.3244286838384916,-0.40967539656468455,Entertainment
-0.3753822390799342,-0.05077933337292543,Music
1.4217486769267451,-0.9439186659920548,People & Blogs
-1.0077675401178932,-0.1763480166232164,Science & Technology
-1.2513906946489672,-0.02298578275424011,Film & Animation
0.7692574038211296,-0.7954249173295276,Entertainment
-1.097084236375437,0.022977389946459686,Howto & Style
-0.8000244344462379,0.3989481403840495,Gaming
-0.9076021777276805,-0.11079535489851433,Science & Technology
-0.6973109820844877,-0.051429745958032055,Music
-1.0369932192422018,0.25446732174099507,Education
-0.5261848454351875,0.053650806794800485,Education
-1.0626827393081248,0.06601426046358595,Gaming
-0.9664077286546442,-0.0329172546682978,Comedy
-0.7752986718620958,0.12013670050052529,Entertainment
-1.2157822964823666,0.010381681961515364,Comedy
-0.49410531146419384,-0.009547858763613543,Music
-1.2194383308480865,-0.05448250488236754,Comedy
-0.6228684821302017,0.27056844577667105,Music
-0.6657910539650307,-0.016618184330862217,Music
-0.9805312889618666,0.21260199057461782,Gaming
-1.1750511755727222,0.060704338657236095,Entertainment
-0.9705317640605394,-0.032182103155381704,Entertainment
-0.5608722314876802,-0.05446609726295419,Comedy
0.423204307017421,-0.6860001601916159,People & Blogs
-0.40443905326735885,-0.4612977744635058,Nonprofits & Activism
-0.8673069961186699,0.031630486602581796,Entertainment
-0.9573681787472645,-0.09455654665896175,Film & Animation
-0.5438030870409516,-0.19089018252214765,Gaming
-0.8094378494218971,0.07469075615194994,Entertainment
-1.0730976924107114,0.20298570998850396,Music
-1.0683575846189262,0.04690226508545906,People & Blogs
-1.1933888519525546,0.05004084382088273,Howto & Style
-0.7787377613215161,-0.024334545153638074,News & Politics
-0.223980061832607,-0.2824317449375318,Entertainment
-0.49685332244571245,0.029350175603220157,Music
2.390132179189656,-1.6895634231859167,Entertainment
-0.08671661391691442,-0.5641429715628118,Entertainment
-1.1148945533710715,-0.07322046049749344,Entertainment
-0.6194649277267731,-0.3669038718400726,Comedy
-0.41256269926040195,-0.2907238495545658,News & Politics
-0.9650368308523343,0.09117738805543264,Entertainment
-1.09602449408026,-0.010714427571998045,Howto & Style
-1.1287116894749318,0.03610771603993816,Comedy
-0.4016196002702393,-0.29826543209139944,Sports
-0.5769469071602876,-0.05999126647317799,Entertainment
0.00942391485090244,-0.26599284944902357,Entertainment
-1.2047241705645884,0.032747493459355924,Entertainment
-0.9690142205263932,0.03948603365327155,Music
-0.8946116563544939,-0.007527321341448879,Music
-0.8909822828383983,0.03808178803881003,Music
-0.5700281958718609,-0.03237316232547091,Music
-0.49433028201304424,0.03994373236296802,Music
-0.30716467070379666,-0.3652134197761271,Entertainment
-1.161953467617155,-0.09435909595652689,Gaming
-1.1544019071525036,0.06537553396762961,Gaming
-0.6876261466382463,0.04258643393491249,Music
-0.9443961866882316,0.09813329153914631,Entertainment
-1.0476770056476825,-0.10405222379218383,Comedy
-1.0451093252753911,-0.04823657985145686,Gaming
0.305447564692047,-0.6338809708953265,Music
0.28140505634823865,-0.3640631896190826,News & Politics
-0.12047725623522429,0.21510873951065873,Entertainment
-0.8959365647076017,0.4205380407707932,People & Blogs
-1.1715285142428706,0.0737300810504925,People & Blogs
-1.2140717041743545,-0.07800574318473527,Entertainment
-1.159369333059269,-0.05200725736050779,People & Blogs
-0.6469794386626408,-0.26305539804877953,Music
0.9892698545464538,-1.2410626949307928,Entertainment
-1.1098006780744198,0.1503645007910865,Music
0.5507453612723532,-0.48009313371795753,Entertainment
-0.7381677526482369,-0.12969684621677982,People & Blogs
-1.1500083304961426,-0.04591441607084241,Education
-1.2001720560446822,-0.012356020306590552,Gaming
-0.5512411759631729,-0.2813091219076549,Film & Animation
-0.9834140590852798,0.2069670179383645,Music
-1.2283081074984925,-0.02139756213505757,Howto & Style
-0.7931573276696003,-0.09934683556552959,Gaming
-0.33860534748490334,-0.2567319298171351,Music
-0.19273583982124,-0.36025284503469557,Gaming
-0.8074678444266268,-0.07576572337441755,Music
-1.1492510505740243,-0.1452416864830275,Education
-0.23999630827761834,-0.6339996306094147,News & Politics
-0.8205205133293805,-0.21427471728229025,People & Blogs
-0.8155229302744761,0.25841705723365654,Film & Animation
-0.7748832608159818,0.050319734033357585,Film & Animation
-0.4046714238585346,-0.3977230477468231,Music
-0.97022240395877,0.011260466959906278,Music
-0.7065793852972406,-0.2183664958730906,Music
0.6720439079486562,-0.9572959293381579,Entertainment
-0.6080945678924708,-0.21924081617512578,Gaming
-0.6544107690819315,-0.17243628354498938,Science & Technology
-0.9141551225131316,-0.17671878651288728,Entertainment
-1.0032504096450574,0.0032979888893365774,People & Blogs
-0.5974685759655867,-0.11919486554380096,People & Blogs
-0.6646039804468594,-0.2126058892539865,Music
-0.2204565775393701,-0.4305963180872803,Education
-0.3799162399377498,-0.30006434015425165,Shows
-0.054000704582559164,-0.17772972994035724,Music
-0.235650496173376,-0.15931764194415754,Entertainment
-0.9990590059078496,0.007476633593353128,Entertainment
-1.0221306413455877,-0.0777310091726519,Howto & Style
-1.1251787144369687,-0.1592153866192342,Comedy
-0.5818331972675517,-0.000840160619671024,Gaming
-0.9877922856283714,-0.26198327446985725,Gaming
-1.162342867570342,0.06035607190720871,People & Blogs
-0.3355961958371652,-0.5741091481244758,Science & Technology
-0.4834538655884377,0.09601343326526658,Music
-0.9923441111043965,-0.08085176448866327,Music
-1.0867919271989965,-0.02727713510607759,People & Blogs
-0.8036920334691103,-0.3292008517042784,Sports
-0.6219485321033416,-0.02207916899332588,Education
-1.2472495840858353,-0.09180499728426929,Gaming
1.4540333461273214,-1.4259647700211233,People & Blogs
1.0167165745022382,-0.7891861915641039,Entertainment
-0.9583684696248373,-0.32811358208457914,People & Blogs
-0.68371573227011,-0.31545349752271507,Comedy
-1.23225361082031,-0.11477287321635492,Entertainment
-0.8447563308096568,-0.10982443943722045,Music
-0.018062663987336927,-0.6123158586189371,Entertainment
-0.5589873294905425,-0.23535065744721745,Entertainment
-1.0726118465339347,0.1425204669610645,Entertainment
0.05121037849767638,-0.2848717968617941,News & Politics
-0.8816870616861308,-0.0732761105207535,News & Politics
-1.194918642263432,-0.12942440920643317,People & Blogs
-1.1475412131946339,-0.1711349547932465,Music
-1.1783189826247364,-0.12094844150410018,Education
-1.2618976859645636,-0.052484417103966,Howto & Style
-1.214358293791378,-0.1175591280019749,People & Blogs
-1.0147528748748116,-0.17979344759920815,People & Blogs
-1.1888864949944242,-0.08128299126596848,Howto & Style
-1.179688152289198,-0.00928719479637291,Gaming
-0.9386877859189283,-0.10987391817700892,People & Blogs
-0.6405726913985739,-0.23447522870230694,Gaming
-0.8963120734407357,-0.0036675833205585184,Music
1.609991042771723,-1.5632865184203697,Comedy
-0.08200886301678628,-0.39895317353646753,News & Politics
2.833360453654491,-2.1324771747664015,Entertainment
-0.5389507093788086,0.0028734007203238842,Music
0.1095256030083766,-0.854734619737417,Gaming
-0.45812551082212744,-0.18721076306598536,People & Blogs
-0.3183000878179279,-0.3333242077562362,Entertainment
-0.9053569276778206,-0.03990742274677558,Gaming
-1.0410085350338723,-0.11761179139354033,Entertainment
-0.9796396420370724,-0.11912672694395189,Gaming
-0.9837577873728465,-0.0027513594786522304,Gaming
-1.1222012891673876,0.12236499578657749,News & Politics
-0.5521274414058147,-0.19247651284675305,Entertainment
0.22026748065198382,-0.6296752424062272,Music
0.6212133990013823,-0.8790894173608493,Entertainment
-0.40803410530117795,-0.11937147653527116,News & Politics
0.5183225143962247,-0.6356511658254494,Comedy
-0.04965799752041626,-0.371608116366176,Music
-0.3951084041721618,-0.28108366844150046,Entertainment
-0.42316578321200826,-0.20775030165099317,Music
-0.8799779670149964,-0.013427252723902553,Entertainment
-1.1626601954769178,-0.04170484378728672,Entertainment
-0.9142660913597336,-0.1856254692691695,Music
-1.1218224289328644,-0.018561032125529585,Entertainment
-0.9181911769741893,-0.12194451253576935,Entertainment
0.9386245371826448,-0.7924523127348664,People & Blogs
-1.3324424127660377,-0.14368183456372907,People & Blogs
-0.9588473911923135,-0.07374528326083768,Gaming
-1.0945355486046549,0.1560770996324005,Entertainment
-0.6434803151829948,0.10561087855531222,Music
-1.246182708607761,-0.10855542271539693,Education
-1.1148812824967187,-0.10192310036457813,Music
-1.0779350018491505,-0.037188434515148756,Gaming
-0.8925484170250878,-0.06633214747671198,Howto & Style
-0.8238805809934046,-0.025078967673814335,People & Blogs
-0.6201312017192799,-0.13622157851690775,Music
-1.3269249868893536,-0.1381537295072292,People & Blogs
-0.8097138692681671,-0.022910245853062818,People & Blogs
-1.2609994426871534,-0.08305085076513147,Entertainment
-1.2751150334151196,-0.12192321840185347,Entertainment
-1.293998671423079,-0.09971362075124102,Entertainment
-1.1690958385478123,-0.13097460407150122,Entertainment
-0.833457913844272,-0.26855618038077717,Education
-0.9588446110724449,-0.04214620952870422,Comedy
-0.6730181712127469,-0.11704344573307646,Education
0.8393106799176713,-0.925697073538354,Entertainment
-0.0010886999036185709,-0.3422644450016344,News & Politics
-0.9919496478628469,-0.12980543069885578,Music
-1.1804149668383783,-0.12098313985027219,Entertainment
-0.9281308275409358,-0.24829451814751455,People & Blogs
-0.7521684066957481,-0.34970842219019166,Gaming
-1.1560101776461649,-0.030661962513773434,People & Blogs
-0.3810244278752612,-0.4788818767863366,Gaming
-0.985548616948823,-0.06872123378650431,Music
-0.45132374644797835,-0.1461182566303199,Music
-0.9212356823307071,-0.008570876140138886,Music
-0.9959113368146488,-0.23481933968978397,Howto & Style
-0.45360075020610113,-0.44398414974437184,Comedy
-0.9915252793256966,-0.020993640002571808,Entertainment
-1.2123402523039486,-0.001336255487862158,Entertainment
-1.2280628152027073,-0.045282058741502096,Howto & Style
-1.1711367625388058,-0.04516784235660804,Entertainment
-0.8649007107173116,-0.22830902270192743,News & Politics
-1.1767989366478264,-0.0015098469378031852,People & Blogs
-0.9123375769578034,-0.10760401619776704,Music
-0.8496292505329227,-0.0274727721576943,Entertainment
-0.8417482839528654,0.009744500776832298,Entertainment
1.1584745195205235,-1.2547031647373637,People & Blogs
-0.27088041001245916,0.19907785240683704,Music
-1.0240176003533388,-0.13882302555941978,Music
-0.8335361162103483,-0.0052927506555804325,Music
-1.21614137515844,-0.05491981462974258,Comedy
-1.3194835384084846,-0.14673793943373367,Entertainment
-1.208494781668504,-0.13365514024264066,Gaming
-1.2929898134273332,-0.10963863196011761,Entertainment
-1.23634974603687,-0.07576364104542192,Entertainment
-1.1975843919607152,-0.09519092418721936,Comedy
-1.189813213315345,-0.05721015488616396,Comedy
-1.2131017096673042,-0.03475454677287612,Music
-0.8577409687556691,-0.2616567092845653,People & Blogs
-1.0756067485768142,-0.09530223100819399,Howto & Style
-0.0019361558318248158,-0.6194331941628387,Entertainment
-0.7637172547091494,-0.06577769183363924,Film & Animation
-0.5606652458365218,-0.07207164138592882,Music
-0.04341338100425999,-0.036321260845920245,Entertainment
-1.2113213189057437,-0.001977163816176637,People & Blogs
-0.8503484348006229,-0.17688954391618444,Music
-1.1355056944750488,-0.09596890276052195,Film & Animation
-1.1549841124587952,0.07207518322344396,Entertainment
-1.1091479211744093,-0.23298323763672082,Howto & Style
-1.0039080310811173,-0.28585231678460954,Gaming
-1.0048865589940343,-0.18805568131172265,Gaming
-0.42058154878269416,-0.4322740725525053,Education
-1.0723620497980488,0.17608458337906166,Pets & Animals
0.8851972605021595,-1.0945097606415124,Comedy
-0.7162474728634806,0.019815575436175344,Entertainment
-1.1882000802334973,-0.09961241728981611,Entertainment
-1.1560593805368646,-0.18875008531396353,Music
-1.2141409863417993,-0.07317349422317553,Entertainment
-1.241372572659094,-0.03808117378617119,Entertainment
-1.2080793417398796,0.004062563947243964,Music
0.6539902123295576,-1.203747145262947,Autos & Vehicles
-0.2560123391575245,-0.572956777554062,Entertainment
-0.445653309987487,-0.4035962427432621,Music
-0.3042309640554839,0.14550397192203823,Music
-1.205000294814708,-0.09581589481093192,Sports
-1.1563036423672597,-0.056519253241827216,Entertainment
-1.1608371785975364,-0.04118156008848553,Gaming
-1.2187684315992668,-0.14846758413596706,Howto & Style
-1.0817569650774574,-0.10822311541845896,People & Blogs
-0.34608227277010134,-0.4300022222665428,Gaming
-0.051909813262285956,-0.5752818297605083,Music
-0.7128647424116926,-0.0864797528567554,Music
6.372060089010301,-4.247755875276854,People & Blogs
-0.27440373523773076,-0.16887678384633353,People & Blogs
-0.8529364531310003,-0.23621902358747693,Entertainment
-0.6352369076089911,-0.3537350017524718,Gaming
-0.6410879901015775,-0.16818619579256902,Entertainment
-1.2682079844596061,-0.1196731322025253,Film & Animation
0.07116291614497595,-0.7234325508090718,People & Blogs
-1.0334464482857517,-0.11643791684646541,Entertainment
-1.0617062886115836,-0.0847620748595012,Entertainment
-0.49631459885220885,-0.08291591089042763,Music
-1.0620129024603802,-0.2591882018756605,Education
-0.5140382310350672,-0.5645558320142577,Howto & Style
-0.7700899859569882,-0.4529651672058726,Entertainment
-0.8637780014971284,-0.4128597096657402,Science & Technology
-1.2435935907383107,-0.18081039807365956,People & Blogs
-0.9972816885029525,-0.29026611551774767,Gaming
-1.0781468615648653,-0.10285125659358021,People & Blogs
-0.6712397279227891,-0.33247077658310176,News & Politics
-0.7582026445800244,-0.22674097904764506,Shows
0.09211066921899956,-0.552501261501068,Music
-0.8413076837845131,-0.4250692365643608,Comedy
-1.1056909983572876,-0.2512033640631899,Entertainment
-1.265039842671351,-0.14783452623298543,Entertainment
0.8962349406360994,-1.1620126435388838,Comedy
-1.1598367296987317,-0.1645567617091571,Howto & Style
-1.0742755472914578,-0.11360640217919811,People & Blogs
-1.0225571823854471,-0.12141862562891606,Comedy
-0.7965003490258565,-0.12813761226514006,Music
-1.0893422559930463,-0.09234392366849117,Education
-1.0518552307271818,-0.28394811857719193,Gaming
-1.144946577403365,-0.23199789246833977,Sports
-1.1762487767833343,-0.11535713011884881,Music
-1.1617743949581858,-0.052005821624538345,Education
-0.8591672118062764,-0.010188423960610735,Pets & Animals
-0.6555691209368899,0.12247289600799047,Entertainment
-1.2590392937174768,-0.20298054699540197,Gaming
-1.0727271827107026,-0.16015691950976405,Gaming
-1.1112846326923391,-0.1801353269192038,Howto & Style
-1.2140899342595284,-0.010273925046643997,Entertainment
-1.0237876118828522,-0.126429989260958,Music
-0.7385467639307337,-0.16973670575379277,Entertainment
-0.31086216976884423,-0.6809107757411982,Entertainment
1.5784281387404213,-1.5081517393748398,Comedy
-0.5642525772142252,-0.3004135902643745,Entertainment
-1.2299035847416027,-0.13903450186696756,Music
-1.303190997162079,-0.13594506175666304,Howto & Style
0.16598860018818695,-0.5823212534701856,Music
-1.300240924598127,-0.13046439632529605,People & Blogs
-1.2246046434301057,-0.17060589531950265,Howto & Style
-1.0526213895804335,-0.22825253838000398,Comedy
-1.156121223477307,-0.10775096072297484,Gaming
-0.49230072957378956,-0.2676452019164101,News & Politics
1.0101538897592663,-1.230028700841023,People & Blogs
-1.074657113067605,-0.27730920979908824,Science & Technology
-1.1174172198051238,-0.048796460374855126,Gaming
-1.2657328499285108,-0.09701448015652302,Entertainment
-1.2413081888829576,-0.09004631811104169,Entertainment
-1.0139694981186054,-0.21582885307482672,Entertainment
-0.712453594006133,-0.2917555913948061,People & Blogs
-0.26326398656137706,-0.4487315579618897,People & Blogs
-0.15755890255411947,-0.5877204242840897,Gaming
-1.07021226456893,-0.007994217128562566,Comedy
-1.061588742166974,-0.2557970711176672,Howto & Style
-0.8804529907413169,-0.306017422141084,Gaming
-1.1618854940937144,-0.00043440243106426313,Gaming
0.596437966959721,-0.9762352319331639,Entertainment
-1.2911968523694457,-0.19938179668202144,Entertainment
-1.2055863251485204,-0.20858898075518503,Gaming
-1.1313555558547381,-0.16452912351102303,Entertainment
-0.8853011606496378,-0.2501143381310609,Entertainment
-0.9505772198978671,-0.2052091487357624,Education
-0.3417204753019824,0.21433586857313552,Music
-0.4817549366674908,-0.29522577710887576,People & Blogs
-1.2403985488552074,-0.23326796244763381,Science & Technology
-1.259870267059206,-0.1876545696832372,People & Blogs
-1.3110314583767755,-0.1368836068566577,Entertainment
-1.2755499723092725,-0.20149571943721603,People & Blogs
0.6066955260222142,-1.0292039689236623,Entertainment
-1.0598535193071237,-0.16788462128762446,Music
-1.069038975127988,-0.27600006869651267,People & Blogs
-1.111180631275124,-0.16056872498974276,Film & Animation
-0.9301307380756925,-0.2695995071143854,People & Blogs
-0.9897702618024442,-0.21939038992452983,Music
-0.9607196048553657,-0.3299916938699339,People & Blogs
-1.1313491826011022,-0.08808638870367841,Entertainment
-0.9579823351510256,-0.2055791208328864,Music
-1.1879872450594406,0.01812066950522012,Music
-1.1418289689340788,-0.22672437989542374,Entertainment
-1.3291076978729934,-0.1915689086057669,Comedy
-1.1662228803773704,-0.26284042325112655,Music
4.550286974207873,-3.6430155119187178,Gaming
-0.8806846041019888,-0.010980244246136861,Entertainment
0.7513865643997105,-1.2797361938883214,Entertainment
-1.0977302118067456,-0.16749083071320497,Music
-1.150187519533399,-0.25671515661511,People & Blogs
-1.3709810958181206,-0.21614464593285673,Entertainment
-1.2431317520821044,-0.17466263131556206,Sports
-1.2667841378942923,-0.12375770741713692,Entertainment
-1.1206047159566557,-0.19508820593040743,Entertainment
-0.7211861320859034,-0.31667194753694705,Music
-0.7451635395041296,-0.23639411306635455,People & Blogs
0.024612733392875768,-0.5309115525782651,Music
-0.5502944035905334,0.055162092323751126,Music
-0.8467108779637178,-0.2721514517708013,Shows
-1.2925273016684768,-0.12430940118645922,Education
-1.1301762437406782,-0.19465785726338372,Entertainment
-1.0300228047098507,-0.14233508806655437,Comedy
-0.9094383740485197,-0.17922042907887856,Music
-1.099037070374608,-0.04724788797457582,Howto & Style
-1.090044751123507,-0.0443222870028094,Entertainment
0.09006897657552577,-0.6850449938686979,Comedy
-0.03491133238997495,-0.6890628664272102,Education
-0.5142700552899716,-0.040485792967378066,Music
-0.8538765195159685,-0.3477216086165546,Comedy
-1.200517186728573,-0.10360175881013457,Music
-1.1032638907228327,0.11558131678112152,Music
-0.12096165879817966,-0.3574615295811918,Entertainment
-1.0179445895864034,-0.21530260171357202,Howto & Style
-1.2687741071113614,-0.15774863951430565,Entertainment
-1.3310064620025157,-0.20308793002716247,Gaming
0.3880108755684152,-1.2980595523093903,People & Blogs
-0.9810596451473141,-0.32046933476436246,Gaming
-1.263608608833317,-0.14298136872177594,People & Blogs
-0.6899724423933258,-0.5019436728523359,People & Blogs
-0.9534421826041303,-0.046063079148147695,Music
-0.9962588957377471,-0.11649731942488105,Music
-1.2952193517729993,-0.20900470298081078,Entertainment
-1.2723108567210124,-0.24921196759018657,Entertainment
-1.3492166279258961,-0.20583264458810946,Howto & Style
-1.2989370019901034,-0.21768074483511665,Gaming
-1.1060431831007747,-0.050363473751037814,Education
-0.7160834420908189,-0.5166045814632428,Howto & Style
-1.1338970835869355,-0.23400220934011573,Travel & Events
-1.1919012858448483,-0.13012439702194903,Howto & Style
-1.2187435384302354,-0.0997166549716876,Entertainment
-0.9399564710535763,-0.2663296656939998,Entertainment
-0.5669762520887972,-0.3760382591571711,Music
0.1436567626203903,-0.6893261484797639,Entertainment
0.7778044702072425,-1.0438560087145454,Entertainment
-0.11339981408586569,-0.451442203108566,Entertainment
0.20189182783925966,-0.3938271309821878,Music
-1.1835820937399344,-0.09526764826816132,Music
-1.191594441271431,-0.12600764559163244,Comedy
-1.2643395265645718,-0.08489652575838849,Science & Technology
3.5755995200025903,-3.0951419162972047,Comedy
-1.2245003645111463,-0.2566132046622197,People & Blogs
-1.3201416759557254,-0.1565126203439632,Gaming
-1.2530141665014283,-0.17578415040293746,People & Blogs
-1.3514309299580454,-0.20377014022364184,Entertainment
-1.1815026092785128,-0.22392386753317692,Gaming
-1.2248003558895095,-0.13298301425860204,Entertainment
-0.7594170256280485,-0.2843753916026741,Gaming
-0.6729829705569506,-0.30142547385624474,Film & Animation
-0.9718900461454489,-0.10212273816212854,People & Blogs
-0.8551177472869428,0.07872693939547573,Music
-1.1596709414963262,-0.2660360698385092,Howto & Style
-0.9511362249641263,-0.1972316088420397,Music
-0.3191703361506131,-0.6874151572017493,Education
-0.9327503899487254,-0.16742249313185084,Music
1.7657562534256717,-1.8364467465953516,Sports
-1.0013283665440043,-0.4091570477341597,People & Blogs
-1.3578395870638906,-0.2439275594532055,Gaming
-1.2033605830508467,-0.25242653095834716,Comedy
